VFID,GALAXY,RA_MOMENT,DEC_MOMENT,FLUX_AP06_G,FLUX_UNCERT_AP06_G,FLUX_AP06_R,FLUX_UNCERT_AP06_R,FLUX_AP06_Z,FLUX_UNCERT_AP06_Z,FLUX_AP06_FUV,FLUX_UNCERT_AP06_FUV,FLUX_AP06_NUV,FLUX_UNCERT_AP06_NUV,FLUX_AP06_W1,FLUX_UNCERT_AP06_W1,FLUX_AP06_W2,FLUX_UNCERT_AP06_W2,FLUX_AP06_W3,FLUX_UNCERT_AP06_W3,FLUX_AP06_W4,FLUX_UNCERT_AP06_W4,70Flux_SMA_AP06,100Flux_SMA_AP06,160Flux_SMA_AP06,70Flux_AP06_err,100Flux_AP06_err,160Flux_AP06_err
VFID0018,NGC4589,189.3546174,74.19191318,121.405,6.07,279.038,13.952,284.65,14.232,0.159,0.009,1.524,0.076,284.755,14.238,148.895,7.445,46.983,2.349,28.822,4.624,238.162,324.036,232.153,11.908,16.202,11.608
VFID0087,UGC03701,107.9268995,72.16994622,8.715,0.436,13.858,0.693,8.0,0.4,0.237,0.029,0.845,0.042,8.66,0.433,4.613,0.231,9.881,0.558,19.252,2.77,113.891,217.061,298.975,5.695,10.853,14.949
VFID0132,UGC05423,151.3778879,70.36515727,6.104,0.305,9.422,0.471,5.436,0.272,0.796,0.04,1.096,0.055,6.025,0.301,3.755,0.188,6.634,0.552,17.095,2.762,123.644,161.945,151.152,6.182,8.097,7.558
VFID0187,NGC3622,170.0508841,67.24168682,17.89,0.895,27.5,1.375,27.454,1.373,2.122,0.106,3.246,0.162,22.816,1.141,13.419,0.671,40.762,2.038,74.744,3.737,1232.387,2067.167,2000.571,61.619,103.358,100.029
VFID0240,NGC4125,182.0226079,65.17440964,258.723,12.936,532.824,26.641,618.7,30.935,0.495,0.074,2.498,0.125,675.069,33.753,352.882,17.644,90.979,4.549,98.147,6.95,1009.223,1628.446,1304.331,50.461,81.422,65.217
VFID0488,NGC3945,178.3066381,60.67597168,131.944,6.597,273.662,13.683,317.183,15.859,0.375,0.079,1.249,0.062,337.699,16.885,175.335,8.767,62.809,3.14,64.599,7.925,,759.305,1220.816,,37.965,61.041
VFID0692,NGC2685,133.8938898,58.734365,93.026,4.651,168.976,8.449,202.192,10.11,1.628,0.081,3.035,0.152,159.044,7.952,86.07,4.304,117.248,5.862,106.886,5.344,,704.046,1032.499,,35.202,51.625
VFID0696,NGC5372,208.691563,58.66663369,14.234,0.712,22.779,1.139,29.109,1.455,1.517,0.076,2.416,0.121,20.633,1.032,13.727,0.686,110.177,5.509,207.24,10.362,,2834.715,1896.564,,141.736,94.828
VFID0711,NGC3690,172.1373855,58.56505908,63.911,3.196,-21.446,0.022,75.524,3.776,6.382,0.319,9.512,0.476,43.5,2.175,-606.68,0.076,3525.601,176.28,20473.094,1023.655,121479.151,109245.146,59994.88,6073.958,5462.257,2999.744
VFID0712,IC0694,172.1272512,58.56178848,64.313,3.216,-21.199,0.022,75.196,3.76,7.649,0.382,11.346,0.567,44.097,2.205,-606.296,0.076,3527.271,176.364,20488.189,1024.409,109444.575,91753.822,48906.231,5472.229,4587.691,2445.312
VFID0757,UGC06575,174.1100557,58.19173399,10.278,0.514,50.611,2.531,15.204,0.76,1.761,0.088,2.505,0.125,11.119,0.556,6.543,0.327,13.255,0.663,22.428,2.561,,495.797,561.221,,24.79,28.061
VFID0948,NGC3794,175.2257007,56.2021314,19.9,0.995,29.565,1.478,26.642,1.332,3.777,0.189,4.639,0.232,20.954,1.048,11.704,0.585,26.669,1.333,56.138,4.233,,843.345,822.17,,42.167,41.109
VFID0956,NGC3898,177.3129891,56.08436524,140.145,7.007,261.794,13.09,320.801,16.04,0.976,0.049,4.606,0.23,310.539,15.527,165.359,8.268,91.723,4.586,81.055,8.267,,2044.373,2776.439,,102.219,138.822
VFID0960,NGC3353,161.3423074,55.96000814,25.24,1.262,35.736,1.787,36.852,1.843,4.754,0.238,6.022,0.301,26.959,1.348,18.375,0.919,170.345,8.517,897.717,44.886,4451.698,4914.712,2463.629,222.585,245.736,123.181
VFID0976,NGC5866,226.6227838,55.76344678,246.85,12.342,492.156,24.608,677.344,33.867,0.211,0.017,3.539,0.177,628.312,31.416,353.717,17.686,214.424,10.721,219.81,10.99,8329.764,16731.957,16637.158,416.488,836.598,831.858
VFID1035,NGC3982,179.1171263,55.1250826,67.127,3.356,110.675,5.534,138.611,6.931,0.0,,12.489,0.624,110.364,5.518,70.94,3.547,428.727,21.436,789.509,39.475,7567.198,11698.997,9941.334,378.36,584.95,497.067
VFID1037,NGC5486,211.8531097,55.10268653,12.946,0.647,18.518,0.926,16.101,0.805,2.482,0.124,3.305,0.165,13.312,0.666,7.627,0.381,18.461,0.923,38.884,2.334,,479.387,466.23,,23.969,23.311
VFID1040,NGC3846A,176.0631072,55.03505467,16.879,0.844,25.172,1.259,14.19,0.709,2.382,0.119,3.119,0.156,15.8,0.79,7.852,0.393,21.023,1.051,38.244,4.204,,828.451,999.315,,41.423,49.966
VFID1046,NGC5485,211.7968811,55.00144026,70.633,3.532,151.903,7.595,194.473,9.724,0.29,0.014,1.096,0.055,189.742,9.487,100.274,5.014,38.84,1.942,9.929,5.051,,608.582,996.496,,30.429,49.825
VFID1097,NGC3448,163.6599216,54.30601462,51.759,2.588,74.595,3.73,77.293,3.865,6.278,0.314,9.333,0.467,68.99,3.449,43.08,2.154,185.436,9.272,606.657,30.333,,10185.19,8684.284,,509.26,434.214
VFID1098,NGC3756,174.1997773,54.29412758,74.12,3.706,133.022,6.651,157.611,7.881,3.337,0.167,6.279,0.314,129.074,6.454,73.126,3.656,176.121,8.806,251.516,12.576,,4522.546,5759.27,,226.127,287.964
VFID1173,NGC3631,170.2629391,53.17019001,178.28,8.914,280.907,14.045,168.722,8.436,20.511,1.026,28.26,1.413,250.474,12.524,149.503,7.475,679.962,33.998,1129.096,56.455,,15297.489,16337.184,,764.874,816.859
VFID1175,NGC3729,173.4536548,53.12382032,64.031,3.202,122.095,6.105,165.889,8.294,1.453,0.073,3.319,0.166,132.824,6.641,84.037,4.202,216.524,10.826,482.14,24.107,,7383.353,8484.893,,369.168,424.245
VFID1182,NGC3718,173.1467,53.06908679,146.066,7.303,289.272,14.464,282.88,14.144,2.395,0.12,5.468,0.273,351.838,17.592,194.991,9.75,123.256,6.163,130.587,10.803,2700.003,,-3999.527,135.0,,-199.976
VFID1211,PGC032356,162.270932,52.33517376,4.706,0.235,5.158,0.258,4.366,0.218,2.934,0.147,2.87,0.144,2.018,0.101,1.111,0.056,5.376,0.325,32.272,1.614,136.876,110.929,63.947,6.844,5.546,3.197
VFID1212,NGC3953,178.4547972,52.32662764,252.826,12.641,506.08,25.304,588.113,29.406,0.0,,0.0,,565.807,28.29,320.08,16.004,635.411,31.771,1061.235,53.062,,13601.263,19313.44,,680.063,965.672
VFID1291,NGC5480,211.5885316,50.72466727,40.228,2.011,67.708,3.385,71.821,3.591,0.0,,0.0,,68.75,3.437,43.386,2.169,270.833,13.542,428.85,21.442,4808.03,8502.305,8793.069,240.401,425.115,439.653
VFID1292,NGC5481,211.6718603,50.72322185,31.064,1.553,63.801,3.19,79.247,3.962,0.0,,0.0,,68.503,3.425,36.607,1.83,12.361,0.829,20.014,4.149,-28.338,-119.472,-94.347,-1.417,-5.974,-4.717
VFID1350,IC0902,204.0051839,49.96070051,11.67,0.584,22.456,1.123,32.393,1.62,0.321,0.03,0.649,0.032,30.924,1.546,19.155,0.958,64.361,3.218,94.219,4.711,,1927.989,1907.957,,96.399,95.398
VFID1374,NGC4100,181.5352484,49.58265612,98.53,4.926,189.553,9.478,262.822,13.141,4.997,0.25,7.309,0.365,233.247,11.662,142.047,7.102,549.846,27.492,951.299,47.565,,18171.454,19311.676,,908.573,965.584
VFID1609,NGC4144,182.4929951,46.45753608,77.075,3.854,113.869,5.693,97.554,4.878,7.53,0.377,13.058,0.653,75.202,3.76,43.255,2.163,47.203,2.36,132.087,6.604,,2757.828,2896.176,,137.891,144.809
VFID1643,NGC5301,206.6024142,46.10720169,45.835,2.292,83.905,4.195,117.154,5.858,1.478,0.074,4.264,0.213,109.285,5.464,65.903,3.295,208.118,10.406,286.058,14.303,,7979.538,10874.631,,398.977,543.732
VFID1670,IC2233,123.4951051,45.74287961,26.091,1.305,27.259,1.363,21.646,1.082,3.773,0.189,5.143,0.257,16.252,0.813,8.145,0.407,7.062,0.968,10.629,4.64,,721.046,632.455,,36.052,31.623
VFID1729,NGC4460,187.189655,44.86448752,59.349,2.967,103.782,5.189,131.203,6.56,1.787,0.089,4.263,0.213,80.879,4.044,46.463,2.323,107.401,5.37,296.136,14.807,,5055.321,4007.264,,252.766,200.363
VFID1754,NGC4051,180.7899119,44.53154226,237.592,11.88,396.031,19.802,332.494,16.625,15.927,0.796,24.811,1.241,420.56,21.028,295.9,14.795,1006.53,50.326,2250.002,112.5,11912.438,22765.609,27660.785,595.622,1138.28,1383.039
VFID1776,NGC3938,178.2050319,44.12086518,220.025,11.001,352.461,17.623,262.732,13.137,25.163,1.258,35.197,1.76,309.114,15.456,181.087,9.054,587.911,29.396,1021.001,51.05,6179.826,13196.302,14893.275,308.991,659.815,744.664
VFID1783,NGC5023,198.0498152,44.03840841,44.639,2.232,68.757,3.438,71.328,3.566,3.174,0.159,7.584,0.379,57.804,2.89,32.146,1.607,37.368,2.738,51.602,13.687,,506.954,1791.174,,25.348,89.559
VFID1803,NGC4183,183.3204819,43.69823852,32.662,1.633,52.859,2.643,57.07,2.853,2.056,0.103,4.874,0.244,49.078,2.454,28.845,1.442,61.562,3.078,80.957,5.808,,2402.441,3352.495,,120.122,167.625
VFID1804,NGC4138,182.3741141,43.68539698,78.547,3.927,168.247,8.412,230.152,11.508,1.833,0.092,3.414,0.171,171.587,8.579,96.303,4.815,170.011,8.501,192.319,9.616,1826.936,,3398.43,91.347,,169.922
VFID1928,NGC5899,228.7631309,42.04963126,51.58,2.579,105.101,5.255,163.686,8.184,1.669,0.083,2.642,0.132,152.38,7.619,93.673,4.684,329.835,16.492,574.534,28.727,4296.263,,7772.343,214.813,,388.617
VFID1933,NGC2798,139.3453178,42.00001382,44.331,2.217,72.754,3.638,91.461,4.573,0.909,0.045,2.157,0.108,106.849,5.342,73.637,3.682,590.231,29.512,2585.923,129.296,23312.278,26612.321,17827.292,1165.614,1330.616,891.365
VFID1934,NGC2799,139.378536,41.99410054,10.301,0.515,16.282,0.814,19.655,0.983,0.94,0.047,1.468,0.073,13.993,0.7,8.422,0.421,32.82,1.641,70.861,3.543,,762.42,629.169,,38.121,31.458
VFID1953,NGC5290,206.318548,41.71365934,40.958,2.048,88.78,4.439,151.517,7.576,0.593,0.032,1.154,0.058,116.835,5.842,72.339,3.617,180.287,9.014,227.555,11.378,2368.916,,5172.283,118.446,,258.614
VFID1999,NGC4625,190.4695875,41.27396292,34.806,1.74,56.468,2.823,67.267,3.363,4.008,0.2,6.061,0.303,47.711,2.386,27.112,1.356,102.388,5.119,140.218,7.011,1311.779,2723.03,2903.074,65.589,136.152,145.154
VFID2068,NGC5355,208.4397685,40.33878364,12.132,0.607,23.144,1.157,28.84,1.442,0.026,0.019,0.159,0.008,26.453,1.323,14.532,0.727,2.895,0.461,6.748,2.288,81.896,,81.225,4.095,,4.061
VFID2143,NGC5582,215.1796752,39.69368651,55.913,2.796,113.593,5.68,121.148,6.057,0.0,,0.0,,109.018,5.451,57.435,2.872,20.466,1.023,4.705,3.758,,5.914,21.408,,0.296,1.07
VFID2157,UGC09242,216.336268,39.53936583,12.408,0.62,17.31,0.866,16.259,0.813,0.7,0.035,2.05,0.103,11.869,0.593,6.554,0.328,8.764,0.627,12.659,3.125,,414.266,433.754,,20.713,21.688
VFID2254,NGC5303,206.9377003,38.30485657,21.95,1.097,30.567,1.528,33.935,1.697,2.78,0.139,3.871,0.194,28.055,1.403,18.857,0.943,145.854,7.293,261.914,13.096,,3235.379,2455.133,,161.769,122.757
VFID2313,NGC3294,159.067987,37.32472505,87.077,4.354,159.638,7.982,214.372,10.719,5.565,0.278,9.47,0.473,184.398,9.22,112.211,5.611,466.213,23.311,734.357,36.718,,14646.0,16642.462,,732.3,832.123
VFID2324,IC2461,139.991393,37.19130409,9.181,0.459,19.478,0.974,31.393,1.57,0.0,,0.0,,42.2,2.11,28.516,1.426,82.076,4.104,140.707,7.035,1460.382,,2670.094,73.019,,133.505
VFID2372,NGC3813,175.3273273,36.54691896,59.52,2.976,99.219,4.961,132.551,6.628,4.989,0.249,8.111,0.406,120.272,6.014,78.445,3.922,519.745,25.987,802.874,40.144,,12926.99,11741.771,,646.349,587.089
VFID2387,NGC3755,174.1389036,36.41045593,28.838,1.442,42.191,2.11,38.229,1.911,5.843,0.292,7.361,0.368,31.63,1.582,20.772,1.039,38.825,1.941,42.175,6.361,,1912.089,2078.748,,95.604,103.937
VFID2498,UGC05738,158.624083,35.25682281,9.232,0.462,13.592,0.68,15.383,0.769,0.0,,0.0,,10.116,0.506,5.888,0.294,28.245,1.412,41.637,2.082,,553.21,492.866,,27.66,24.643
VFID2535,PGC044532,194.757684,34.85844754,36.483,1.824,42.712,2.136,23.901,1.195,10.936,0.547,7.003,0.35,22.186,1.109,12.747,0.637,57.771,2.889,378.416,18.921,1753.747,1771.712,1143.542,87.687,88.586,57.177
VFID2544,NGC3381,162.104894,34.7116414,30.973,1.549,47.365,2.368,46.2,2.31,2.366,0.118,5.593,0.28,37.689,1.884,22.91,1.145,92.286,4.614,144.403,7.22,,2925.048,2990.523,,146.252,149.526
VFID2620,NGC5347,208.3241285,33.49061666,27.328,1.366,50.592,2.53,64.431,3.222,0.586,0.03,1.971,0.099,60.823,3.041,54.45,2.722,286.691,14.335,898.442,44.922,1217.184,1707.659,1748.803,60.859,85.383,87.44
VFID2665,NGC3396,162.480572,32.99074798,57.441,2.872,81.677,4.084,86.746,4.337,9.319,0.466,13.859,0.693,61.243,3.062,39.558,1.978,272.08,13.604,959.196,47.96,4897.318,6143.107,4444.802,244.866,307.155,222.24
VFID2667,NGC3395,162.4586357,32.98305092,74.7,3.735,103.466,5.173,109.863,5.493,14.807,0.74,21.374,1.069,79.834,3.992,50.79,2.539,347.76,17.388,1073.626,53.681,6135.403,8704.442,7163.941,306.77,435.222,358.197
VFID2670,NGC3430,163.0475607,32.95080673,205.101,10.255,454.601,22.73,126.513,6.326,6.564,0.328,10.69,0.535,112.511,5.626,66.366,3.318,274.048,13.702,420.344,21.017,,7456.698,8226.867,,372.835,411.343
VFID2677,NGC3424,162.9429337,32.90047587,23.448,1.172,46.864,2.343,74.631,3.732,0.795,0.04,1.552,0.078,85.168,4.258,57.299,2.865,318.369,15.918,652.964,32.648,,13179.527,11382.989,,658.976,569.149
VFID2723,NGC3991,179.3770056,32.33458819,17.556,0.878,23.295,1.165,27.945,1.397,6.357,0.318,7.903,0.395,19.601,0.98,12.218,0.611,75.406,3.77,241.298,12.065,2419.195,3214.096,2384.961,120.96,160.705,119.248
VFID2727,NGC3994,179.4035646,32.27748188,22.762,1.138,41.889,2.094,59.772,2.989,1.286,0.064,2.623,0.131,54.421,2.721,34.888,1.744,206.773,10.339,368.268,18.413,4834.142,6845.196,5123.308,241.707,342.26,256.165
VFID2760,NGC3788,174.9358639,31.93133831,30.554,1.528,55.449,2.772,93.498,4.675,0.908,0.045,2.269,0.113,72.932,3.647,42.438,2.122,118.174,5.909,176.022,8.801,1338.783,,2824.346,66.939,,141.217
VFID2764,NGC3786,174.9270861,31.90931753,34.405,1.72,62.638,3.132,100.475,5.024,0.521,0.026,1.433,0.072,74.081,3.704,45.777,2.289,138.985,6.949,295.651,14.783,2499.838,,3101.268,124.992,,155.063
VFID2795,NGC4359,186.0477767,31.5215357,23.223,1.161,37.281,1.864,51.747,2.587,0.706,0.035,2.989,0.149,28.866,1.443,16.739,0.837,31.922,1.596,30.343,4.522,,1229.344,1701.063,,61.467,85.053
VFID2881,NGC4525,188.4629333,30.27782117,27.919,1.396,44.85,2.242,62.508,3.125,2.053,0.103,3.111,0.156,34.832,1.742,19.418,0.971,46.646,2.332,42.61,4.104,,770.328,1033.461,,38.516,51.673
VFID3019,NGC3245A,156.755008,28.63925211,6.168,0.308,10.379,0.519,15.522,0.776,0.211,0.011,0.589,0.029,10.418,0.521,6.17,0.309,9.58,0.567,9.751,2.663,,187.409,212.804,,9.37,10.64
VFID3026,NGC3380,162.0507276,28.60186741,24.998,1.25,44.895,2.245,70.322,3.516,1.21,0.06,1.912,0.096,43.235,2.162,23.799,1.19,47.487,2.374,66.569,3.328,,1262.386,1276.619,,63.119,63.831
VFID3084,NGC3512,166.0117341,28.03699017,31.89,1.595,52.645,2.632,78.97,3.949,2.668,0.133,5.19,0.259,48.432,2.422,28.522,1.426,107.182,5.359,154.04,7.702,,2416.012,2222.233,,120.801,111.112
VFID3105,UGC05958,162.8157628,27.84881116,4.674,0.234,8.485,0.424,13.652,0.683,0.011,0.008,0.203,0.01,9.866,0.493,5.594,0.28,11.339,0.567,11.279,2.122,,299.42,296.279,,14.971,14.814
VFID3156,UGC06023,163.5870912,27.23962507,21.512,1.076,33.331,1.667,45.403,2.27,1.854,0.093,3.652,0.183,30.308,1.515,18.678,0.934,92.414,4.621,147.735,7.387,,2141.947,2094.87,,107.097,104.743
VFID3174,NGC3629,170.1321687,26.96380924,29.672,1.484,40.649,2.032,50.563,2.528,4.753,0.238,6.628,0.331,26.258,1.313,15.337,0.767,42.665,2.133,68.194,3.71,,1112.045,1233.36,,55.602,61.668
VFID3221,PGC031387,158.9251081,26.12567981,4.984,0.249,7.408,0.37,9.684,0.484,0.687,0.034,0.95,0.047,5.422,0.271,3.111,0.156,8.912,0.446,14.639,1.52,,268.23,182.849,,13.411,9.142
VFID3253,NGC4747,192.9397396,25.77502084,41.729,2.086,68.67,3.434,100.575,5.029,1.707,0.085,3.189,0.159,69.845,3.492,39.194,1.96,103.073,5.154,223.492,11.175,,4040.0,4484.844,,202.0,224.242
VFID3300,UGC05588,155.2378972,25.36504484,10.02,0.501,15.579,0.779,21.14,1.057,1.232,0.062,1.839,0.092,14.381,0.719,9.052,0.453,53.692,2.685,64.347,3.217,736.531,,544.284,36.827,,27.214
VFID3459,NGC3437,163.149006,22.93445177,48.893,2.445,83.589,4.179,125.408,6.27,3.651,0.183,5.932,0.297,112.95,5.647,74.211,3.711,484.919,24.246,1028.594,51.43,,16899.193,13636.77,,844.96,681.838
VFID3502,UGC07321,184.3913092,22.5402897,17.23,0.861,26.711,1.336,38.005,1.9,1.018,0.051,2.364,0.118,22.865,1.143,13.383,0.669,16.086,1.267,16.276,6.139,,862.312,1044.36,,43.116,52.218
VFID3564,NGC3287,158.6969917,21.6481864,35.637,1.782,57.967,2.898,83.372,4.169,2.514,0.126,4.131,0.207,54.168,2.708,31.896,1.595,113.459,5.673,189.046,9.452,,4697.858,5803.67,,234.893,290.184
VFID3654,IC0700,172.3130309,20.5830731,9.189,0.459,12.381,0.619,15.308,0.765,1.642,0.082,2.24,0.112,7.684,0.384,4.535,0.227,8.993,0.65,37.446,3.091,256.715,,301.902,12.836,,15.095
VFID3757,NGC4561,189.0340102,19.32299303,28.108,1.405,38.638,1.932,38.812,1.941,5.725,0.286,7.384,0.369,22.907,1.145,13.071,0.654,27.153,1.358,72.077,3.614,,1320.59,1022.666,,66.029,51.133
VFID3822,IC3391,187.1132532,18.41500767,17.955,0.898,29.103,1.455,40.404,2.02,1.899,0.095,2.614,0.131,23.695,1.185,13.435,0.672,39.607,1.98,53.372,4.757,,1153.593,1510.441,,57.68,75.522
VFID3884,NGC5996,236.7448942,17.88409722,32.03,1.601,46.064,2.303,59.719,2.986,5.165,0.258,8.081,0.404,38.434,1.922,24.796,1.24,171.061,8.553,489.709,24.485,4225.189,5623.719,4671.051,211.259,281.186,233.553
VFID3891,NGC3659,170.938245,17.81747658,25.689,1.284,38.834,1.942,53.415,2.671,0.0,,4.666,0.233,34.34,1.717,20.399,1.02,99.468,4.973,142.063,7.103,,3252.019,3155.737,,162.601,157.787
VFID3958,NGC3370,161.7668641,17.27402077,50.525,2.526,78.15,3.907,108.812,5.441,6.175,0.309,8.413,0.421,74.786,3.739,47.274,2.364,255.216,12.761,408.24,20.412,,7366.389,7520.709,,368.319,376.035
VFID3961,NGC3592,168.6141881,17.2597688,9.554,0.478,17.084,0.854,27.344,1.367,0.244,0.012,0.509,0.025,18.2,0.91,10.698,0.535,26.27,1.313,29.122,2.379,,554.742,655.719,,27.737,32.786
VFID3966,NGC3686,171.9300389,17.22345366,99.366,4.968,167.926,8.396,253.107,12.655,4.27,0.214,11.238,0.562,152.136,7.607,91.014,4.551,314.303,15.715,558.013,27.901,,8436.332,9300.631,,421.817,465.032
VFID3979,NGC4450,187.1232347,17.08499911,251.991,12.6,502.587,25.129,839.021,41.951,0.642,0.047,3.889,0.194,538.737,26.937,293.51,14.676,150.639,7.532,232.564,11.628,,5807.443,7126.909,,290.372,356.345
VFID3980,NGC3684,171.7966734,17.03025968,55.511,2.776,87.266,4.363,123.297,6.165,3.725,0.186,8.46,0.423,78.281,3.914,46.56,2.328,209.116,10.456,278.894,13.945,,4324.824,4622.815,,216.241,231.141
VFID3985,NGC3691,172.0389167,16.92047895,21.342,1.067,32.632,1.632,43.493,2.175,2.616,0.131,3.783,0.189,24.254,1.213,13.472,0.674,39.94,1.997,53.707,3.114,,991.88,956.745,,49.594,47.837
VFID3993,NGC3681,171.6240775,16.86344586,53.788,2.689,96.489,4.824,150.403,7.52,2.721,0.136,4.304,0.215,86.243,4.312,47.304,2.365,75.421,3.771,72.642,4.089,,1200.685,1062.031,,60.034,53.102
VFID3994,NGC4498,187.9153853,16.85250037,45.551,2.278,71.009,3.55,97.111,4.856,3.879,0.194,6.5,0.325,54.559,2.728,32.647,1.632,95.806,4.79,132.768,6.638,,3350.417,4138.912,,167.521,206.946
VFID4016,NGC4502,188.0136279,16.68797299,7.948,0.397,11.865,0.593,15.461,0.773,0.847,0.042,1.434,0.072,7.308,0.365,3.381,0.169,7.902,0.461,9.52,2.227,,263.289,243.803,,13.164,12.19
VFID4029,NGC3655,170.7273289,16.59005144,48.991,2.45,87.166,4.358,132.226,6.611,1.806,0.09,4.943,0.247,102.831,5.142,66.572,3.329,495.405,24.77,765.962,38.298,,14703.377,12674.641,,735.169,633.732
VFID4046,NGC4383,186.3560066,16.46997966,42.427,2.121,69.903,3.495,98.886,4.944,3.455,0.173,4.559,0.228,69.983,3.499,43.708,2.185,282.821,14.141,976.263,48.813,10238.631,,6995.297,511.932,,349.765
VFID4051,UGC07504,186.3400112,16.42974988,4.597,0.23,8.307,0.415,12.18,0.609,-0.007,0.002,0.084,0.004,5.518,0.276,2.847,0.142,-0.864,0.511,3.656,2.46,44.557,,3.285,2.228,,0.164
VFID4057,NGC4651,190.9274519,16.3937859,144.958,7.248,251.179,12.559,390.274,19.514,8.997,0.45,16.072,0.804,260.526,13.026,148.572,7.429,394.18,19.709,555.887,27.794,,12657.436,13198.215,,632.872,659.911
VFID4092,PGC038113,180.9000708,16.05537803,8.789,0.439,14.206,0.71,19.975,0.999,0.822,0.041,1.372,0.069,12.772,0.639,7.796,0.39,37.905,1.895,54.602,2.73,,925.539,741.519,,46.277,37.076
VFID4115,NGC4758,193.1840558,15.8481443,22.66,1.133,39.566,1.978,59.761,2.988,0.729,0.046,1.394,0.07,38.953,1.948,22.593,1.13,59.482,2.974,99.212,5.017,,2224.186,2674.992,,111.209,133.75
VFID4119,NGC4321,185.7285578,15.82325308,485.529,24.276,812.429,40.621,1252.227,62.611,24.992,1.25,51.354,2.568,786.809,39.34,460.376,23.019,1546.236,77.312,3184.096,159.205,23342.194,42885.757,48812.762,1167.11,2144.288,2440.638
VFID4135,NGC4396,186.4967384,15.67458053,32.612,1.631,50.733,2.537,72.279,3.614,3.237,0.162,5.21,0.26,50.562,2.528,33.098,1.655,69.335,3.467,139.512,9.604,,3333.949,4381.311,,166.697,219.066
VFID4143,NGC4540,188.7113094,15.55203106,54.571,2.729,93.285,4.664,136.241,6.812,1.353,0.068,4.472,0.224,86.964,4.348,49.715,2.486,169.139,8.457,266.018,13.301,,4555.761,5544.152,,227.788,277.208
VFID4164,IC0800,188.4861625,15.35480683,17.022,0.851,28.237,1.412,41.11,2.055,0.812,0.041,1.995,0.1,22.413,1.121,12.896,0.645,36.411,1.821,54.214,3.562,,1009.769,1206.747,,50.488,60.337
VFID4165,NGC3800,175.0554973,15.34102712,32.453,1.623,58.944,2.947,95.605,4.78,0.0,,0.0,,74.429,3.721,46.897,2.345,260.229,13.011,433.022,21.651,5370.153,8884.329,7888.262,268.508,444.216,394.413
VFID4168,NGC4237,184.2980517,15.32359131,59.436,2.972,112.803,5.64,186.353,9.318,1.514,0.076,3.721,0.186,131.062,6.553,76.596,3.83,236.281,11.814,325.395,16.27,3046.815,,7866.831,152.341,,393.342
VFID4170,NGC4595,189.966865,15.29656918,35.699,1.785,53.235,2.662,71.706,3.585,2.06,0.103,4.852,0.243,41.451,2.073,25.753,1.288,75.601,3.78,90.187,4.509,,2222.747,2506.05,,111.137,125.302
VFID4177,NGC5954,233.6458615,15.20016477,21.239,1.062,34.775,1.739,50.139,2.507,1.53,0.076,3.056,0.153,37.443,1.872,24.805,1.24,171.38,8.569,381.566,19.078,2943.01,4014.797,2908.001,147.15,200.74,145.4
VFID4179,NGC5953,233.6348861,15.19382505,56.041,2.802,99.952,4.998,149.332,7.467,1.906,0.095,4.682,0.234,113.986,5.699,72.813,3.641,532.407,26.62,1182.829,59.141,9374.377,12919.101,9958.254,468.719,645.955,497.913
VFID4183,NGC4710,192.4117234,15.16590902,131.35,6.568,260.994,13.05,449.646,22.482,0.284,0.014,2.059,0.103,312.624,15.631,174.908,8.745,200.595,10.03,445.208,22.26,,13102.909,12981.527,,655.145,649.076
VFID4188,IC0797,187.9777973,15.12394866,19.061,0.953,30.079,1.504,40.379,2.019,1.836,0.092,2.923,0.146,22.992,1.15,13.878,0.694,53.569,2.678,55.845,3.596,,1538.879,1417.378,,76.944,70.869
VFID4194,NGC4419,186.7356113,15.03692535,95.247,4.762,193.605,9.68,342.866,17.143,-0.156,0.01,1.523,0.076,279.232,13.962,165.783,8.289,448.895,22.445,1331.991,66.6,,12064.817,10752.009,,603.241,537.6
VFID4203,IC3392,187.1801788,14.99938273,37.484,1.874,71.308,3.565,114.581,5.729,0.126,0.006,1.14,0.057,75.488,3.774,42.06,2.103,97.117,4.856,133.586,6.679,,3377.809,4084.212,,168.89,204.211
VFID4220,NGC3485,165.0103053,14.84178727,43.67,2.183,70.125,3.506,100.726,5.036,3.534,0.177,6.105,0.305,59.249,2.962,33.443,1.672,123.267,6.163,193.284,9.664,,1485.955,1703.585,,74.298,85.179
VFID4226,NGC3596,168.7756041,14.78684807,87.36,4.368,137.511,6.876,199.647,9.982,0.0,,14.277,0.714,126.936,6.347,74.36,3.718,309.701,15.485,448.182,22.409,,5068.775,5743.359,,253.439,287.168
VFID4282,NGC4501,187.9963508,14.41953035,432.35,21.618,845.57,42.279,1443.268,72.163,12.074,0.604,24.312,1.216,1134.124,56.706,660.849,33.042,1483.928,74.196,2194.284,109.714,,65191.313,81272.16,,3259.566,4063.608
VFID4283,NGC4254,184.7065026,14.41672746,418.002,20.9,670.69,33.534,950.755,47.538,31.687,1.584,56.619,2.831,682.635,34.132,442.205,22.11,2558.384,127.919,4157.344,207.867,41030.388,76702.909,81191.758,2051.519,3835.145,4059.588
VFID4291,NGC4633,190.6553087,14.35723258,16.545,0.827,25.956,1.298,35.585,1.779,1.517,0.076,2.635,0.132,19.467,0.973,10.104,0.505,26.316,1.316,59.52,4.144,,758.808,790.638,,37.94,39.532
VFID4311,NGC4866,194.8628228,14.17125572,86.851,4.343,177.632,8.882,317.678,15.884,0.564,0.053,1.449,0.072,211.785,10.589,113.89,5.694,37.996,1.9,21.833,6.768,,426.14,803.691,,21.307,40.185
VFID4321,IC0755,180.2931163,14.10479561,11.977,0.599,15.954,0.798,19.374,0.969,2.435,0.122,3.2,0.16,10.922,0.546,6.634,0.332,18.833,0.942,52.059,2.603,,900.591,627.921,,45.03,31.396
VFID4334,IC3061,183.7685639,14.02909545,9.829,0.491,17.768,0.888,28.691,1.435,0.509,0.025,0.863,0.043,20.737,1.037,12.545,0.627,39.475,1.974,44.065,2.537,378.101,,1052.312,18.905,,52.616
VFID4353,NGC4212,183.9136348,13.90231669,101.291,5.065,176.702,8.835,274.452,13.723,5.09,0.254,9.61,0.481,191.244,9.562,115.189,5.759,516.67,25.833,807.972,40.399,4979.837,,9133.114,248.992,,456.656
VFID4382,NGC4689,191.940023,13.76264581,122.072,6.104,215.361,10.768,337.281,16.864,0.0,,0.0,,209.604,10.48,116.571,5.829,300.334,15.017,467.386,23.369,,7611.242,10313.188,,380.562,515.659
VFID4387,NGC3338,160.5313517,13.74713022,117.869,5.893,194.454,9.723,291.907,14.595,7.307,0.365,14.774,0.739,184.052,9.203,108.217,5.411,228.046,11.402,364.683,18.234,,10248.927,14564.494,,512.446,728.225
VFID4445,NGC4189,183.4471792,13.42495514,59.937,2.997,98.996,4.95,144.298,7.215,2.828,0.141,6.469,0.323,93.697,4.685,57.025,2.851,230.871,11.544,423.146,21.157,2997.419,,6596.352,149.871,,329.818
VFID4450,NGC4037,180.3485395,13.40111003,42.015,2.101,71.069,3.553,101.788,5.089,2.36,0.118,3.555,0.178,58.562,2.928,30.726,1.536,53.877,2.694,108.073,7.779,,1060.897,1869.58,,53.045,93.479
VFID4453,IC3611,189.7671818,13.36364339,10.825,0.541,17.011,0.851,22.857,1.143,0.259,0.013,0.973,0.049,11.664,0.583,6.238,0.312,5.325,0.668,2.368,3.092,132.577,,196.013,6.629,,9.801
VFID4464,NGC4222,184.0943902,13.30727889,16.293,0.815,29.299,1.465,47.31,2.365,0.442,0.022,1.063,0.053,38.8,1.94,23.307,1.165,75.464,3.773,121.325,6.066,1206.385,,3241.106,60.319,,162.055
VFID4473,NGC4639,190.7175175,13.25778227,72.004,3.6,125.62,6.281,197.021,9.851,5.449,0.272,7.628,0.381,117.326,5.866,65.852,3.293,102.688,5.134,115.362,7.002,,3887.213,4172.575,,194.361,208.629
VFID4479,UGC08032,193.6839533,13.2371809,13.668,0.683,26.689,1.334,43.757,2.188,0.097,0.024,0.238,0.012,27.935,1.397,15.869,0.793,25.324,1.266,25.897,3.249,,721.218,899.221,,36.061,44.961
VFID4496,NGC4193,183.4733414,13.17277283,33.193,1.66,60.665,3.033,98.457,4.923,0.955,0.048,2.481,0.124,66.552,3.328,38.933,1.947,96.703,4.835,155.036,7.752,1270.663,,3254.373,63.533,,162.719
VFID4507,NGC4654,190.9864719,13.12649033,200.469,10.023,327.995,16.4,503.299,25.165,14.596,0.73,21.971,1.099,330.222,16.511,208.982,10.449,878.911,43.946,1610.136,80.507,,39010.254,44880.924,,1950.513,2244.046
VFID4510,NGC4402,186.533323,13.1127881,51.406,2.57,102.615,5.131,185.499,9.275,0.515,0.026,1.982,0.099,172.117,8.606,106.788,5.339,446.563,22.328,650.367,32.518,6749.764,,17066.993,337.488,,853.35
VFID4723,NGC4486,187.7055753,12.39103281,667.019,33.351,1398.496,69.925,2491.096,124.555,3.406,0.17,9.217,0.461,1909.415,95.471,1003.016,50.151,209.907,10.495,282.913,14.146,580.858,770.406,356.47,29.043,38.52,17.824
VFID4731,IC3718,191.1891584,12.3508042,13.924,0.696,22.392,1.12,30.623,1.531,0.162,0.008,0.749,0.037,15.118,0.756,8.248,0.412,2.892,0.734,-3.648,3.479,,102.934,149.845,,5.147,7.492
VFID4778,NGC4351,186.0060613,12.20484567,33.309,1.665,50.977,2.549,67.834,3.392,2.042,0.102,4.06,0.203,36.01,1.801,19.767,0.988,46.819,2.341,46.856,6.851,786.595,,2035.816,39.33,,101.791
VFID4810,NGC4746,192.9786441,12.08432438,25.979,1.299,46.332,2.317,75.688,3.784,1.526,0.076,2.83,0.142,70.412,3.521,46.718,2.336,278.79,13.94,458.086,22.904,,9780.975,9316.4,,489.049,465.82
VFID4816,UGC06169,166.7640416,12.06025445,8.136,0.407,13.609,0.68,20.356,1.018,0.625,0.031,0.909,0.045,13.475,0.674,7.518,0.376,22.513,1.126,26.695,2.339,,512.929,547.869,,25.646,27.393
VFID4845,NGC4606,190.2396819,11.91197832,44.476,2.224,78.689,3.934,118.637,5.932,-0.236,0.008,1.016,0.051,72.548,3.627,42.607,2.13,60.367,3.018,54.403,9.997,,2504.642,2425.024,,125.232,121.251
VFID4853,NGC4607,190.299351,11.87920572,19.313,0.966,38.352,1.918,66.592,3.33,0.125,0.006,0.607,0.03,64.265,3.213,41.466,2.073,169.791,8.49,254.264,12.713,,3163.823,3509.907,,158.191,175.495
VFID4861,NGC4579,189.4309282,11.81813098,390.873,19.544,765.398,38.27,1483.529,74.176,3.163,0.158,11.354,0.568,877.28,43.864,490.289,24.514,445.688,22.284,848.678,42.434,5223.66,10855.973,12343.14,261.183,542.799,617.157
VFID4886,NGC3351,160.9901262,11.70318133,363.481,18.174,688.821,34.441,1141.637,57.082,13.009,0.65,27.212,1.361,747.071,37.354,414.766,20.738,719.323,35.966,2339.479,116.974,20568.231,30891.2,27249.984,1028.412,1544.56,1362.499
VFID4949,NGC3666,171.1089638,11.34221354,46.23,2.312,76.932,3.847,117.059,5.853,4.137,0.207,6.182,0.309,88.327,4.416,53.47,2.674,195.963,9.798,233.169,11.658,,6417.188,7043.059,,320.859,352.153
VFID4961,NGC4567,189.1358775,11.25812259,189.056,9.453,351.415,17.571,587.342,29.367,2.624,0.131,10.927,0.546,442.135,22.107,270.844,13.542,1149.532,57.477,1836.256,91.813,6013.132,13319.493,16808.776,300.657,665.975,840.439
VFID4962,NGC4568,189.1426795,11.23894719,219.777,10.989,404.959,20.248,676.282,33.814,2.682,0.134,12.712,0.636,513.271,25.664,313.175,15.659,1302.302,65.115,2092.808,104.64,24637.094,49606.901,57337.164,1231.855,2480.345,2866.858
VFID5030,NGC3547,167.4833238,10.72043609,23.726,1.186,33.768,1.688,44.252,2.213,2.404,0.12,4.275,0.214,28.645,1.432,17.178,0.859,80.841,4.042,145.555,7.278,,2871.535,2444.51,,143.577,122.226
VFID5154,NGC5669,218.1830463,9.891483004,67.85,3.393,95.788,4.789,126.666,6.333,10.759,0.538,14.262,0.713,61.234,3.062,34.675,1.734,92.692,4.635,207.338,10.367,,2895.297,3137.258,,144.765,156.863
VFID5176,NGC4779,193.4617327,9.710233611,33.694,1.685,55.354,2.768,80.344,4.017,2.244,0.112,4.68,0.234,47.595,2.38,28.027,1.401,107.351,5.368,244.819,12.241,,2429.476,2299.142,,121.474,114.957
VFID5194,NGC4207,183.8764623,9.585198773,22.838,1.142,44.86,2.243,76.532,3.827,0.186,0.018,0.841,0.042,65.363,3.268,40.747,2.037,177.198,8.86,230.224,11.511,,5740.681,5077.192,,287.034,253.86
VFID5222,NGC4424,186.798667,9.420445028,73.534,3.677,125.95,6.297,188.508,9.425,0.889,0.044,3.063,0.153,106.368,5.318,63.304,3.165,134.757,6.738,288.759,14.438,3800.03,,5379.855,190.001,,268.993
VFID5223,NGC3692,172.0995904,9.407708757,32.781,1.639,59.88,2.994,100.413,5.021,0.89,0.044,2.63,0.131,74.03,3.702,42.225,2.111,90.104,4.505,103.846,5.192,,2397.726,2807.362,,119.886,140.368
VFID5236,NGC4316,185.6757978,9.332822645,20.817,1.041,43.373,2.169,80.651,4.033,0.301,0.015,0.787,0.039,74.66,3.733,45.172,2.259,132.496,6.625,161.059,8.053,1789.72,,4537.445,89.486,,226.872
VFID5241,NGC3049,148.7065602,9.271179853,26.642,1.332,44.561,2.228,64.575,3.229,1.458,0.073,2.916,0.146,33.432,1.672,17.582,0.879,106.303,5.315,418.48,20.924,2873.652,3549.782,2732.223,143.683,177.489,136.611
VFID5244,NGC4451,187.1687748,9.259165649,24.636,1.232,43.229,2.161,65.385,3.269,1.103,0.055,2.271,0.114,42.633,2.132,24.684,1.234,104.684,5.234,163.986,8.199,2102.798,,3304.831,105.14,,165.242
VFID5257,NGC4522,188.415298,9.17410734,34.822,1.741,56.242,2.812,82.827,4.141,2.486,0.124,4.255,0.213,55.394,2.77,31.189,1.559,106.4,5.32,122.56,6.256,1796.83,,4070.199,89.842,,203.51
VFID5276,NGC4307,185.523325,9.04381988,44.457,2.223,92.825,4.641,167.461,8.373,0.193,0.01,0.829,0.041,128.015,6.401,70.643,3.532,100.193,5.01,133.955,6.698,1435.112,,4948.271,71.756,,247.414
VFID5292,NGC5248,204.383383,8.885896418,255.854,12.793,452.179,22.609,724.689,36.234,15.42,0.771,24.102,1.205,472.804,23.64,290.152,14.508,1334.468,66.723,2463.114,123.156,,51903.139,58764.369,,2595.157,2938.218
VFID5324,NGC4519,188.3773737,8.655687412,62.299,3.115,88.948,4.447,113.973,5.699,8.39,0.42,12.004,0.6,56.534,2.827,35.292,1.765,174.702,8.735,529.075,26.454,2751.641,,3718.126,137.582,,185.906
VFID5405,NGC4791,193.6831376,8.05309674,5.924,0.296,10.835,0.542,16.966,0.848,0.267,0.024,0.35,0.018,9.993,0.5,5.538,0.277,9.879,0.494,11.4,1.77,,167.268,176.446,,8.363,8.822
VFID5429,NGC4416,186.6950671,7.919424766,27.939,1.397,45.556,2.278,64.552,3.228,1.855,0.093,3.812,0.191,41.456,2.073,24.248,1.212,82.882,4.144,109.326,5.466,823.446,,1879.707,41.172,,93.985
VFID5432,UGC08045,193.8476798,7.909812005,7.494,0.375,12.061,0.603,16.809,0.84,0.59,0.034,0.788,0.039,9.906,0.495,5.836,0.292,14.156,0.708,24.092,2.562,,260.446,272.879,,13.022,13.644
VFID5436,UGC07802,189.5870658,7.891802632,6.086,0.304,9.846,0.492,13.47,0.674,0.328,0.016,0.666,0.033,7.496,0.375,4.332,0.217,7.258,0.486,8.076,2.302,,204.511,202.304,,10.226,10.115
VFID5477,NGC4276,185.0312158,7.691968401,20.67,1.034,33.237,1.662,45.435,2.272,0.996,0.05,2.582,0.129,25.447,1.272,14.872,0.744,47.521,2.376,77.597,4.794,,901.909,1065.139,,45.095,53.257
VFID5508,NGC4370,186.228826,7.444503872,23.296,1.165,48.605,2.43,88.006,4.4,0.051,0.004,0.269,0.013,69.975,3.499,39.514,1.976,47.762,2.388,54.893,3.652,1341.355,,2950.503,67.068,,147.525
VFID5526,UGC07557,186.7968483,7.263047082,17.101,0.855,23.749,1.187,30.389,1.519,2.418,0.121,3.861,0.193,12.878,0.644,6.148,0.307,2.843,1.412,-16.625,6.079,336.863,,616.331,16.843,,30.817
VFID5532,IC3322A,186.4277564,7.217193095,20.613,1.031,36.533,1.827,58.74,2.937,1.261,0.063,2.288,0.114,54.191,2.71,33.287,1.664,118.572,5.929,192.68,9.634,1471.358,,3347.529,73.568,,167.376
VFID5544,NGC3526,166.7357403,7.173829883,16.536,0.827,24.991,1.25,33.444,1.672,0.0,,2.724,0.136,19.256,0.963,10.957,0.548,28.761,1.438,55.389,3.288,,1020.987,1034.593,,51.049,51.73
VFID5546,IC3521,188.6644241,7.160205125,16.5,0.825,29.662,1.483,44.807,2.24,0.628,0.031,1.465,0.073,27.386,1.369,15.533,0.777,55.008,2.75,137.187,6.859,1174.145,1907.328,1856.335,58.707,95.366,92.817
VFID5573,NGC4180,183.2626571,7.03897264,27.686,1.384,54.959,2.748,95.884,4.794,0.449,0.022,1.341,0.067,79.155,3.958,49.667,2.483,202.967,10.148,322.419,16.121,4616.591,,5665.422,230.83,,283.271
VFID5582,NGC4343,185.9111868,6.954193421,31.823,1.591,66.731,3.337,121.945,6.097,0.405,0.02,0.961,0.048,95.798,4.79,55.052,2.753,109.785,5.489,136.616,6.831,1691.492,,4178.691,84.575,,208.935
VFID5625,IC3229,185.7196772,6.679690514,4.277,0.214,6.641,0.332,8.839,0.442,0.356,0.018,0.59,0.03,4.528,0.226,2.295,0.115,3.014,0.464,4.326,2.046,6.363,,80.231,0.318,,4.012
VFID5627,IC3225,185.6618667,6.676541757,9.753,0.488,15.539,0.777,21.624,1.081,0.627,0.031,1.168,0.058,12.279,0.614,6.547,0.327,14.666,0.733,13.668,3.137,87.966,,407.205,4.398,,20.36
VFID5632,IC3115,184.4992921,6.654353704,18.738,0.937,27.789,1.389,35.97,1.798,1.953,0.098,2.907,0.145,17.821,0.891,10.399,0.52,18.145,1.004,27.922,4.736,136.681,,461.615,6.834,,23.081
VFID5637,IC3268,186.0312783,6.607718759,14.12,0.706,19.871,0.994,24.702,1.235,2.426,0.121,3.373,0.169,12.602,0.63,7.351,0.368,21.207,1.06,42.653,2.471,598.106,,651.46,29.905,,32.573
VFID5652,NGC4532,188.5807998,6.467179205,60.32,3.016,83.64,4.182,102.761,5.138,10.839,0.542,16.521,0.826,65.473,3.274,42.809,2.14,214.528,10.726,758.969,37.948,,10781.437,8158.755,,539.072,407.938
VFID5676,NGC4430,186.8595546,6.263287639,49.593,2.48,81.892,4.095,119.93,5.997,3.263,0.163,4.705,0.235,67.174,3.359,37.717,1.886,90.165,4.508,149.389,7.469,,3301.367,4059.788,,165.068,202.989
VFID5713,NGC4591,189.8016921,6.012326425,16.237,0.812,28.883,1.444,44.947,2.247,0.742,0.037,1.52,0.076,30.085,1.504,16.807,0.84,41.983,2.099,67.359,3.368,,1234.667,1425.361,,61.733,71.268
VFID5743,NGC4423,186.787111,5.879639739,14.223,0.711,20.98,1.049,27.82,1.391,1.194,0.06,2.218,0.111,13.975,0.699,6.97,0.349,15.331,1.222,34.154,5.962,523.35,878.756,1158.559,26.167,43.938,57.928
VFID5759,NGC4197,183.6605778,5.805761121,24.358,1.218,37.633,1.882,52.703,2.635,2.716,0.136,3.914,0.196,37.056,1.853,21.892,1.095,101.114,5.056,207.632,10.382,2284.806,,4024.251,114.24,,201.213
VFID5776,UGC07579,186.9809013,5.721128536,5.967,0.298,9.985,0.499,14.366,0.718,0.374,0.019,0.616,0.031,9.346,0.467,5.611,0.281,18.47,0.924,24.169,2.235,,482.092,482.204,,24.105,24.11
VFID5842,NGC5356,208.7432204,5.33413312,26.945,1.347,54.488,2.724,94.614,4.731,0.369,0.018,0.848,0.042,68.693,3.435,38.224,1.911,93.109,4.655,101.178,5.059,,2209.964,3166.985,,110.498,158.349
VFID5846,NGC4713,192.4903607,5.311053671,67.684,3.384,92.886,4.644,113.297,5.665,13.867,0.693,18.693,0.935,67.425,3.371,41.615,2.081,212.378,10.619,388.544,19.427,,4575.763,4624.486,,228.788,231.224
VFID5852,NGC4324,185.775757,5.250379094,61.728,3.086,123.315,6.166,209.84,10.492,0.293,0.025,1.588,0.079,128.481,6.424,72.385,3.619,55.1,2.755,89.036,4.97,665.518,,1927.92,33.276,,96.396
VFID5855,NGC5348,208.5468186,5.227339119,18.06,0.903,30.598,1.53,46.289,2.314,1.192,0.06,1.946,0.097,28.46,1.423,15.63,0.782,25.779,1.289,32.71,4.421,,969.433,1210.756,,48.472,60.538
VFID5889,NGC5364,209.0494543,5.014819954,193.494,9.675,326.97,16.348,503.903,25.195,11.824,0.591,17.376,0.869,304.38,15.219,168.126,8.406,267.83,13.392,529.823,26.491,,8204.141,11383.34,,410.207,569.167
VFID5905,IC1048,220.7410188,4.890060238,21.426,1.071,41.073,2.054,70.746,3.537,0.469,0.023,1.088,0.054,58.38,2.919,35.242,1.762,124.254,6.213,177.685,8.884,,4373.613,4687.416,,218.681,234.371
VFID5960,NGC4303,185.4787012,4.474482711,436.635,21.832,690.423,34.521,972.278,48.614,40.998,2.05,70.16,3.508,716.482,35.824,441.387,22.069,2082.487,104.124,3836.655,191.833,29545.235,,47812.678,1477.262,,2390.634
VFID5962,NGC4765,193.3104903,4.463473222,24.439,1.222,32.992,1.65,40.112,2.006,4.31,0.215,6.84,0.342,22.942,1.147,14.144,0.707,61.095,3.055,177.127,8.856,2020.676,2716.349,2061.8,101.034,135.817,103.09
VFID5964,NGC5668,218.3507948,4.450742659,69.886,3.494,96.792,4.84,119.898,5.995,11.306,0.565,16.561,0.828,64.961,3.248,38.588,1.929,123.243,6.162,233.236,11.662,,2787.692,2731.534,,139.385,136.577
VFID5988,NGC4808,193.9538682,4.304284566,58.029,2.901,89.506,4.475,126.227,6.311,6.046,0.302,9.539,0.477,96.549,4.827,63.581,3.179,400.667,20.033,654.671,32.734,,9413.203,8755.894,,470.66,437.795
VFID5992,NGC4480,187.6116451,4.246658461,29.719,1.486,48.96,2.448,71.822,3.591,2.852,0.143,4.131,0.207,83.817,4.191,48.194,2.41,95.084,4.754,128.339,6.417,,1874.69,2115.497,,93.735,105.775
VFID5995,UGC07387,185.0723774,4.201619125,6.053,0.303,11.47,0.574,19.256,0.963,0.112,0.006,0.317,0.016,15.17,0.759,8.294,0.415,24.2,1.21,31.079,2.427,116.467,,391.298,5.823,,19.565
VFID6023,NGC4412,186.6498386,3.965099558,32.811,1.641,53.96,2.698,77.981,3.899,2.248,0.112,4.29,0.214,50.587,2.529,30.825,1.541,154.223,7.711,417.452,20.873,2710.617,4105.164,3425.599,135.531,205.258,171.28
VFID6028,NGC5300,207.0670206,3.950996242,60.647,3.032,97.795,4.89,138.469,6.923,6.168,0.308,7.805,0.39,78.613,3.931,43.981,2.199,105.969,5.298,153.047,7.652,,1466.464,1892.574,,73.323,94.629
VFID6048,IC1022,217.5077034,3.772610957,5.552,0.278,8.666,0.433,11.903,0.595,0.482,0.024,0.809,0.04,6.557,0.328,3.648,0.182,8.306,0.415,9.239,1.172,,170.44,175.034,,8.522,8.752
VFID6056,NGC4289,185.259277,3.722219714,11.416,0.571,22.915,1.146,42.741,2.137,0.387,0.022,0.537,0.027,43.933,2.197,25.332,1.267,61.926,3.096,70.943,4.12,1023.913,,2082.092,51.196,,104.105
VFID6060,NGC4234,184.2878956,3.683521199,23.754,1.188,36.932,1.847,50.318,2.516,2.853,0.143,3.871,0.194,31.728,1.586,19.537,0.977,81.866,4.093,147.526,7.376,1799.811,,2932.098,89.991,,146.605
VFID6091,NGC5577,215.3048845,3.436499034,30.838,1.542,51.972,2.599,77.039,3.852,1.524,0.076,2.898,0.145,48.525,2.426,27.325,1.366,66.864,3.343,79.458,3.973,,1403.76,1862.029,,70.188,93.101
VFID6093,UGC07522,186.4930126,3.430398903,10.071,0.504,20.715,1.036,38.084,1.904,0.185,0.029,0.282,0.014,36.71,1.836,22.902,1.145,44.541,2.227,63.663,5.332,,1515.97,2215.54,,75.799,110.777
VFID6098,NGC5692,219.575371,3.410084345,19.34,0.967,28.275,1.414,37.19,1.86,2.622,0.131,3.773,0.189,24.163,1.208,14.836,0.742,74.597,3.73,112.699,5.635,,1975.774,1512.418,,98.789,75.621
VFID6179,NGC4799,193.8142054,2.896640958,15.902,0.795,30.566,1.528,51.654,2.583,0.49,0.024,0.978,0.049,39.388,1.969,22.635,1.132,71.136,3.557,94.245,4.712,,2295.333,2087.696,,114.767,104.385
VFID6182,NGC4123,182.0464522,2.878363033,86.955,4.348,142.393,7.12,207.193,10.36,8.905,0.445,10.994,0.55,120.542,6.027,71.995,3.6,255.444,12.772,1231.151,61.558,,7264.184,6618.61,,363.209,330.93
VFID6185,UGC07982,192.4592726,2.851174192,15.316,0.766,28.803,1.44,48.637,2.432,0.133,0.008,0.699,0.035,34.264,1.713,19.384,0.969,41.725,2.086,42.469,4.068,,782.493,1108.329,,39.125,55.416
VFID6247,NGC4409,186.7435284,2.494469255,39.89,1.994,61.367,3.068,83.287,4.164,4.521,0.226,7.179,0.359,56.092,2.805,33.835,1.692,159.9,7.995,227.684,11.384,,4038.384,3811.358,,201.919,190.568
VFID6306,NGC5147,201.5822909,2.100788564,34.384,1.719,49.957,2.498,69.157,3.458,6.283,0.314,9.753,0.488,44.338,2.217,27.674,1.384,122.186,6.109,228.759,11.438,,2339.827,2404.84,,116.991,120.242
VFID6380,UGC09215,215.8628342,1.725721645,32.029,1.601,44.087,2.204,54.452,2.723,5.172,0.259,7.463,0.373,27.545,1.377,16.365,0.818,52.299,2.615,114.498,5.725,,1638.105,1623.446,,81.905,81.172
VFID6456,UGC07991,192.6622797,1.465371147,8.05,0.402,14.545,0.727,22.626,1.131,0.003,0.004,0.333,0.017,14.568,0.728,8.464,0.423,13.266,0.914,10.813,4.35,,332.356,627.847,,16.618,31.392
VFID6480,NGC4771,193.3383435,1.269337211,43.912,2.196,82.07,4.103,138.624,6.931,0.783,0.039,2.504,0.125,93.237,4.662,55.033,2.752,125.681,6.284,142.552,7.128,,2628.361,3443.069,,131.418,172.153
VFID6643,NGC4904,195.2440984,-0.02764153011,51.455,2.573,81.752,4.088,115.375,5.769,3.587,0.179,6.285,0.314,69.027,3.451,40.947,2.047,173.543,8.677,292.013,14.601,,3683.896,3634.504,,184.195,181.725
VFID6645,NGC3521,166.4530051,-0.03554411436,677.651,33.883,934.947,46.747,1754.852,87.743,17.45,0.872,40.103,2.005,1941.846,97.092,1153.935,57.697,3710.77,185.538,5352.0,267.6,66022.163,135171.222,151257.853,3301.108,6758.561,7562.893
VFID6673,NGC5713,220.049343,-0.2863017369,104.15,5.207,178.037,8.902,262.677,13.134,3.983,0.199,9.663,0.483,202.925,10.146,131.785,6.589,973.097,48.655,2455.86,122.793,25408.454,36449.446,30363.057,1270.423,1822.472,1518.153
VFID6708,NGC4592,189.823591,-0.5325938511,62.226,3.111,86.874,4.344,108.886,5.444,11.67,0.583,15.733,0.787,59.001,2.95,35.044,1.752,60.891,3.045,129.935,7.234,,3514.19,3778.895,,175.71,188.945
VFID6759,NGC4030,180.0983262,-1.100512132,196.106,9.805,344.381,17.219,555.828,27.791,10.413,0.521,21.363,1.068,431.288,21.564,260.519,13.026,1206.801,60.34,1893.374,94.669,,40356.851,40456.893,,2017.843,2022.845
VFID6761,NGC5334,208.2268252,-1.11452113,71.452,3.573,112.473,5.624,156.733,7.837,6.68,0.334,9.084,0.454,86.556,4.328,49.524,2.476,66.264,3.313,101.53,6.769,,2793.89,3689.031,,139.695,184.452
